What's my name?|user:name
Who am I?|user:name
Who are you speaking with?|user:name
Say my name|user:name
What is my name?|user:name
Who am I again?|user:name
What's my name dude?|user:name
Hey homie, tell me who I am.|user:name
What is my full name?|user:name
Who are you speaking with?|user:name
Who you speaking to?|user:name
Tell me who I am.|user:name
Tell me my name.|user:name
What is my full name?|user:name
What is my proper moniker?|user:name
What do you call me?|user:name
What name do you use for me?|user:name
How do you identify me?|user:name
How do you address me?|user:name
What are my first and last name?|user:name
who am i again?|user:name
what be my name|user:name
what be my namesies|user:name
my name be what?|user:name
and who am i?|user:name
say my name for me buddy|user:name
and what's my name again?|user:name
what's my name?|user:name
What's my first name?|user:name
and my last name is?|user:name
What be my last name jarvis|user:name
and what's my first name?|user:name
Tell me my name|user:name
What's my name dude?|user:name
Who am I speaking with?|user:name
Who are you?|user:name
Who the fuck are you|user:name
What is your name?|user:name
What do they call you?|user:name
What name did they give you?|user:name
What do they refer to you as?|user:name
who are you?|user:name
whats my name?|user:name
and what's your name?|user:name
tell me your name homie?|user:name
who are you?|user:name
who am I?|user:name
and who are you?|user:name
who are you speaking to?|user:name
what's your name?|user:name
what's my name?|user:name
what's my name|user:name
what's my first name?|user:name
what my last name be?|user:name
who are you?|user:name
what's your first name?|user:name
what's your last name?|user:name
who are you?|user:name
what is your name?|user:name
who are you?|user:name
and what's your last name?|user:name
what's my last name?|user:name
and who are you?|user:name
your first name is what?|user:name
who are you?|user:name
what's you name?|user:name
who am I|user:name
and what be my first name?|user:name
what's my full name?|user:name
my fullname is what?|user:name
who am I jarvis?|user:name
and who are you?|user:name
What's your last name?|user:name
what's my last name?|user:name
I want to know what your last name is|user:name
What should I call you?|user:name
What will you call me?|user:name
What should you call me?|user:name
What should you refer to me as?|user:name
What name will you call me?|user:name
What should I call you?|user:name
And who are you again?|user:name
And what is my name?|user:name
What will you call me?|user:name
who are you?|user:name
what's your first name?|user:name
what's my last nem?|user:name
what's my last name?|user:name
Your last name is what?|user:name
What will you call me?|user:name
What should I call you?|user:name
What's your name?|user:name
Who are you?|user:name
What's my last name?|user:name
What's your last name?|user:name
What is your last name?|user:name
What the fuck is your last name?|user:name
TELL ME YOUR LAST NAME!|user:name
TELL ME YOUR LAST NAME!|user:name
TELL ME YOUR LAST NAME!|user:name
TELL ME YOUR LAST NAME!|user:name
TELL ME YOUR FIRST NAME|user:name
WHAT IS MY NAME|user:name
DUDE I swear to fucking god if you don't tell me what my name is|user:name
i swear if you don't tell my my name...|user:name
Dude name me|user:name
who are you?|user:name
who are you again?|user:name
Who are you?|user:name
who am I|user:name
Who am I?|user:name
What's my name?|user:name
who Am I?|user:name
who are you?|user:name
who am i again?|user:name
AND WHO THE FUCK ARE YOU?|user:name
and who the fuck are you?|user:name
who are you?|user:name
who the fuck are you?|user:name
who the fuck are you?|user:name
who are you?|user:name
got a first name?|user:name
hey jarvis name me|user:name
what's your name?|user:name
and what's my name?|user:name
Tell me your first name|user:name
AND TELL ME YOUR LAST NEM|user:name
AND TELL ME YOUR LAST NAME|user:name
TELL ME YOUR FIRST NAME|user:name
TELL ME YOUR LAST NAME|user:name
who are you?|user:name
who am i?|user:name
what's my first name dude?|user:name
what's my last name?|user:name
what's my main moniker?|user:name
what do you go by?|user:name
and what is your last nae?|user:name
and what's your last name?|user:name
who am i speaking with?|user:name
who am i speaking to?|user:name
who are you|user:name
who am I|user:name
who are you|user:name
what's your last name|user:name
who am I?|user:name
Who am i?|user:name
who am i again?|user:name
who am i?|user:name
and who are you?|user:name
what's your name?|user:name
what's your last name?|user:name
who am I/|user:name
Who are you?|user:name
Who are you again?|user:name
what's your name?|user:name
who are you?|user:name
Who are you?|user:name
what is your last name?|user:name
and what is my name?|user:name
who are you?|user:name
who am I|user:name
and who are you|user:name
who are you?|user:name
and who am i|user:name
Who is my buddy|user:name
who is my buddy|user:name
who are you?|user:name
Who am I/|user:name
what's my name?|user:name
what's my first name?|user:name
my last name|user:name
your last name|user:name
do you have a first name?|user:name
who are you again?|user:name
who are you speaking with?|user:name
what should I call you?|user:name
what should i call you?|user:name
what do you call me?|user:name
say my name|user:name
TELL MY MY LAST NAME|user:name
what should I call you|user:name
who are you|user:name
and who am I|user:name
do you have a last name|user:name
Jarvis who are you|user:name
who're you?|user:name
Jarvis who's my buddy|user:name
jarvis who are you|user:name
jarvis what's your last name|user:name
siri what's your name|user:name
siri what's my name|user:name
eliza what's your name|user:name